Pathogen,Effector,Location_in_Cell,Sequence,Percent_GC,Percent_AT,Percent_Identical
Anaplasma,AnkA,Nucleus,ATATTAGCAAGCGATAAGTCCCTAACTGGTTGTGGCCTTTTGTAGAGTGAACTTCA,0.5768493284,0.4231506716,0.547642528
Bacillus,BaSET,Tubulin,AATACTAGGTAACTAGAGGGACTGCGACGTTCTAAACGTTGGTCCGTCAGAAGCGC,0.7895192869,0.2104807131,0.2542999593
Bordetella pertussis,BopN,Nucleus,TAACATATGCTGTCTCAGGCACGTGGATGGTTTGGACAAATCAGATTCAAGTCTGA,0.01779304263,0.9822069574,0.1857239934
Burkholderia,BtSET,Membrane,GTTAGATAGTCTAGCCGCTGGTAAACACTCCATGACCTCGGCTCTCCATT,0.4536264306,0.5463735694,0.10790763
Chlamydia psittaci,SinC,Actin,TCAGGTCTATAGAAACTACAGGACTAACCTTCCTGGCAACCGGGAGGTGGGAATCC,0.661133665,0.338866335,0.9800000911
Chlamydia,cpnSET,Tubulin,TCAACCTTCATACAGATCTAGAGTCTAAAGCAGTGATCTCCCGCGTGCGAGATAAA,0.8513708168,0.1486291832,0.6301934033
Chlamydia,NUE,Actin,TCAGGTCTATAGAAACTACAGGACTAACCTTCCTGGCAACCGGGAGGTGGGAATCC,0.9994245889,0.0005754110637,0.6327009952
Coxiella burnetii,Cbu0129,Nucleus,GTTAGATAGTCTAGCCGCTGGTAAACACTCCATGACCTCGGCTCTCCATT,0.6029260302,0.3970739698,0.3054607679
Coxiella burnetii,Cbu0388,Mitochondria,GTTAGATAGTCTAGCCGCTGGTAAACACTCCATGACCTCGGCTCTCCATT,0.8727424923,0.1272575077,0.2857251114
Coxiella burnetii,Cbu0393,Actin,AATACTAGGTAACTAGAGGGACTGCGACGTTCTAAACGTTGGTCCGTCAGAAGCGC,0.0689191391,0.9310808609,0.8772713127
Coxiella burnetii,Cbu0781 (AnkG),Mitochondria,TCAGGTCTATAGAAACTACAGGACTAACCTTCCTGGCAACCGGGAGGTGGGAATCC,0.6406752677,0.3593247323,0.292554355
Coxiella burnetii,Cbu0794,Nucleus,AATACTAGGTAACTAGAGGGACTGCGACGTTCTAAACGTTGGTCCGTCAGAAGCGC,0.9303370602,0.0696629398,0.9858925105
Coxiella burnetii,Cbu1314,Nucleus,ATATTAGCAAGCGATAAGTCCCTAACTGGTTGTGGCCTTTTGTAGAGTGAACTTCA,0.03664193615,0.9633580638,0.6712796124
Coxiella burnetii,Cbu1524 (CaeA),Membrane,TAACATATGCTGTCTCAGGCACGTGGATGGTTTGGACAAATCAGATTCAAGTCTGA,0.4025824253,0.5974175747,0.1816387194
Coxiella burnetii,CbuK1976,Mitochondria,CATCCAGGATCACGTTACCCCGAAAAAAAGATATCAGGAGCTCTCCTCCTCTGCAG,0.0003512106224,0.9996487894,0.281093125
Ehrlichia chaffeensis,Ank/p200,Actin,TAACATATGCTGTCTCAGGCACGTGGATGGTTTGGACAAATCAGATTCAAGTCTGA,0.9071214163,0.0928785837,0.6973306145
Ehrlichia chaffeensis,TRP32,Actin,CATCCAGGATCACGTTACCCCGAAAAAAAGATATCAGGAGCTCTCCTCCTCTGCAG,0.460645562,0.539354438,0.5186838806
Ehrlichia chaffeensis,TRP47,Membrane,GTTAGATAGTCTAGCCGCTGGTAAACACTCCATGACCTCGGCTCTCCATT,0.7399429997,0.2600570003,0.9807328762
Ehrlichia chaffeensis,TRP120,Nucleus,TAACATATGCTGTCTCAGGCACGTGGATGGTTTGGACAAATCAGATTCAAGTCTGA,0.5902836447,0.4097163553,0.3251007798
Escherichia coli,Cif,Nucleus,TCAACCTTCATACAGATCTAGAGTCTAAAGCAGTGATCTCCCGCGTGCGAGATAAA,0.1737744076,0.8262255924,0.3420965787
Escherichia coli,EspF,Tubulin,ATATTAGCAAGCGATAAGTCCCTAACTGGTTGTGGCCTTTTGTAGAGTGAACTTCA,0.4890768695,0.5109231305,0.4155238761
Escherichia coli,NleC,Mitochondria,CATCCAGGATCACGTTACCCCGAAAAAAAGATATCAGGAGCTCTCCTCCTCTGCAG,0.3436742709,0.6563257291,0.8708411261
Escherichia coli,NleG5-1,Tubulin,TCAACCTTCATACAGATCTAGAGTCTAAAGCAGTGATCTCCCGCGTGCGAGATAAA,0.5380406192,0.4619593808,0.7348271111
Legionella,AnkH,Tubulin,CATCCAGGATCACGTTACCCCGAAAAAAAGATATCAGGAGCTCTCCTCCTCTGCAG,0.1043901582,0.8956098418,0.8050929544
Legionella,AnkX,Mitochondria,TCAGGTCTATAGAAACTACAGGACTAACCTTCCTGGCAACCGGGAGGTGGGAATCC,0.9737872744,0.02621272556,0.2447704565
Legionella,LegAS4,Actin,CATCCAGGATCACGTTACCCCGAAAAAAAGATATCAGGAGCTCTCCTCCTCTGCAG,0.05197478907,0.9480252109,0.9125116066
Legionella,RomA,Membrane,AATACTAGGTAACTAGAGGGACTGCGACGTTCTAAACGTTGGTCCGTCAGAAGCGC,0.1813528813,0.8186471187,0.7611970319
Legionella,SnpL,Membrane,AATACTAGGTAACTAGAGGGACTGCGACGTTCTAAACGTTGGTCCGTCAGAAGCGC,0.8889912067,0.1110087933,0.8529627749
Listeria monocytogenes,LntA,Nucleus,CATCCAGGATCACGTTACCCCGAAAAAAAGATATCAGGAGCTCTCCTCCTCTGCAG,0.1202016761,0.8797983239,0.881925816
Listeria monocytogenes,OrfX,Actin,TCAACCTTCATACAGATCTAGAGTCTAAAGCAGTGATCTCCCGCGTGCGAGATAAA,0.9277071928,0.07229280722,0.4636483178
Mycobacterium,Rv1988,Membrane,TAACATATGCTGTCTCAGGCACGTGGATGGTTTGGACAAATCAGATTCAAGTCTGA,0.4606172248,0.5393827752,0.2314438034
Mycobacterium,Rv3423,Tubulin,ATATTAGCAAGCGATAAGTCCCTAACTGGTTGTGGCCTTTTGTAGAGTGAACTTCA,0.4926177083,0.5073822917,0.03390965412
Mycobacterium,Rv2966c,Mitochondria,AATACTAGGTAACTAGAGGGACTGCGACGTTCTAAACGTTGGTCCGTCAGAAGCGC,0.897509279,0.102490721,0.6534587963
Mycoplasma,Mhy1,Actin,TCAACCTTCATACAGATCTAGAGTCTAAAGCAGTGATCTCCCGCGTGCGAGATAAA,0.3541969558,0.6458030442,0.8468393023
Mycoplasma,Mhy2,Mitochondria,ATATTAGCAAGCGATAAGTCCCTAACTGGTTGTGGCCTTTTGTAGAGTGAACTTCA,0.6604113568,0.3395886432,0.4164439437
Mycoplasma,Mhy3,Actin,GTTAGATAGTCTAGCCGCTGGTAAACACTCCATGACCTCGGCTCTCCATT,0.729854164,0.270145836,0.06295080696
Neisseria,App,Nucleus,TCAACCTTCATACAGATCTAGAGTCTAAAGCAGTGATCTCCCGCGTGCGAGATAAA,0.0898121751,0.9101878249,0.4731851862
Neisseria,MspA,Tubulin,GTTAGATAGTCTAGCCGCTGGTAAACACTCCATGACCTCGGCTCTCCATT,0.2836545612,0.7163454388,0.7404751779
Orientia,Ank1,Tubulin,TCAGGTCTATAGAAACTACAGGACTAACCTTCCTGGCAACCGGGAGGTGGGAATCC,0.8917743044,0.1082256956,0.7988520363
Orientia,Ank6,Mitochondria,ATATTAGCAAGCGATAAGTCCCTAACTGGTTGTGGCCTTTTGTAGAGTGAACTTCA,0.4796043567,0.5203956433,0.8385070074
Salmonella enterica,GogA GtgA PipA,Membrane,GTTAGATAGTCTAGCCGCTGGTAAACACTCCATGACCTCGGCTCTCCATT,0.1089896751,0.8910103249,0.4921950307
Salmonella enterica,Ssph1,Actin,CATCCAGGATCACGTTACCCCGAAAAAAAGATATCAGGAGCTCTCCTCCTCTGCAG,0.4584416041,0.5415583959,0.1724723841
Shigella flexneri,IpaB,Mitochondria,ATATTAGCAAGCGATAAGTCCCTAACTGGTTGTGGCCTTTTGTAGAGTGAACTTCA,0.204076864,0.795923136,0.7832034218
Shigella flexneri,IpaH,Tubulin,TCAACCTTCATACAGATCTAGAGTCTAAAGCAGTGATCTCCCGCGTGCGAGATAAA,0.7573083442,0.2426916558,0.8036170482
Shigella flexneri,OspB,Tubulin,AATACTAGGTAACTAGAGGGACTGCGACGTTCTAAACGTTGGTCCGTCAGAAGCGC,0.8902321265,0.1097678735,0.1731239482
Shigella flexneri,OspC1,Membrane,TAACATATGCTGTCTCAGGCACGTGGATGGTTTGGACAAATCAGATTCAAGTCTGA,0.9459098976,0.05409010238,0.3909238028
Shigella flexneri,OspF,Membrane,TAACATATGCTGTCTCAGGCACGTGGATGGTTTGGACAAATCAGATTCAAGTCTGA,0.3686267826,0.6313732174,0.4174733566
Yersinia,YopM,Nucleus,TCAGGTCTATAGAAACTACAGGACTAACCTTCCTGGCAACCGGGAGGTGGGAATCC,0.9604275424,0.03957245761,0.8386971699